n,scenario,cagr,sharpe,base_cagr,base_sharpe
5,remove_best,0.06412975482363081,0.3677471599104276,0.08856775192381683,0.4491302005839695
5,remove_worst,0.1178141706185225,0.5526234136703639,0.08856775192381683,0.4491302005839695
10,remove_best,0.04762488190621461,0.30935468881793066,0.08856775192381683,0.4491302005839695
10,remove_worst,0.13923869793946375,0.6283243080121854,0.08856775192381683,0.4491302005839695
20,remove_best,0.020595023859970585,0.2093791757080377,0.08856775192381683,0.4491302005839695
20,remove_worst,0.1734099676580123,0.7480463728640626,0.08856775192381683,0.4491302005839695
