n,scenario,cagr,sharpe,base_cagr,base_sharpe
5,remove_best,0.038863912186255734,0.28353662045136385,0.07078203122806404,0.4125611946858277
5,remove_worst,0.11800995880980403,0.6175585874690891,0.07078203122806404,0.4125611946858277
10,remove_best,0.019630992949826176,0.199722363198357,0.07078203122806404,0.4125611946858277
10,remove_worst,0.14657750719589613,0.7417012986713959,0.07078203122806404,0.4125611946858277
20,remove_best,-0.0102822745742005,0.06310549063806611,0.07078203122806404,0.4125611946858277
20,remove_worst,0.18479825944166706,0.9043477160615637,0.07078203122806404,0.4125611946858277
