n,scenario,cagr,sharpe,base_cagr,base_sharpe
5,remove_best,0.06250158257970728,0.38669808811629813,0.08920180172124192,0.4929923821059433
5,remove_worst,0.13410105201106326,0.6951067265217628,0.08920180172124192,0.4929923821059433
10,remove_best,0.044519314146421296,0.31015305304942786,0.08920180172124192,0.4929923821059433
10,remove_worst,0.15615183060321502,0.7920687393798777,0.08920180172124192,0.4929923821059433
20,remove_best,0.016407598223580067,0.18465742982876776,0.08920180172124192,0.4929923821059433
20,remove_worst,0.19152533631079072,0.9456925210239836,0.08920180172124192,0.4929923821059433
