n,scenario,cagr,sharpe,base_cagr,base_sharpe
1,remove_best,0.08733165187162606,1.1199389788666072,0.09155136040627632,1.1496502757045564
1,remove_worst,0.10229846987712388,1.4094688327016174,0.09155136040627632,1.1496502757045564
5,remove_best,0.07861631104226419,1.0354250961286233,0.09155136040627632,1.1496502757045564
5,remove_worst,0.11874682954222915,1.7519829818287973,0.09155136040627632,1.1496502757045564
