n,scenario,cagr,sharpe,base_cagr,base_sharpe
1,remove_best,0.13240469833099744,0.637258754902169,0.13902117002585257,0.6579829897116052
1,remove_worst,0.1468616923050774,0.6896473491119024,0.13902117002585257,0.6579829897116052
5,remove_best,0.11336196245080643,0.5726838200865675,0.13902117002585257,0.6579829897116052
5,remove_worst,0.171998621830868,0.7911273290689645,0.13902117002585257,0.6579829897116052
