side,h,avg,n
top,1,-0.005617352280768156,31
top,5,-0.009873039767148938,31
top,20,0.011957220154783251,31
bottom,1,inf,31
bottom,5,inf,31
bottom,20,,31
