n,scenario,cagr,sharpe,base_cagr,base_sharpe
1,remove_best,0.09891444703357744,0.5001970302895039,0.10651359942073624,0.5250484126076896
1,remove_worst,0.11544237470336194,0.5589245508945414,0.10651359942073624,0.5250484126076896
5,remove_best,0.07521351452679292,0.41775507759010166,0.10651359942073624,0.5250484126076896
5,remove_worst,0.14438841794041202,0.669326743725975,0.10651359942073624,0.5250484126076896
